feature_0,feature_1,feature_2,feature_3,feature_4,feature_5,feature_6,feature_7,feature_8,feature_9,feature_10,feature_11,feature_12,feature_13,feature_14,feature_15,feature_16,feature_17,target_0,target_1,target_2,sample_id
1.1869171,-0.42910904,-0.5525816,0.5875401,1.085996,1.6350383,-0.71184844,-0.3616311,-0.25906682,-0.29915258,-0.02278093,0.13883057,-0.13837066,0.50196165,-0.7277306,-0.4775153,0.0,-1.5117936,2.6061985,0.0,-1.5117936,0
-0.54995877,-0.11931006,-0.02226248,-0.5001356,0.26098374,0.2557338,1.4470603,0.75654966,0.41479594,0.040934633,1.2040753,0.7028507,0.5623891,2.354106,-0.29691783,-0.2365113,1.0,-1.5117936,3.0048227,1.0,-1.5117936,1
1.0243204,-0.8784943,-0.65472656,-0.3051071,0.13410328,0.5601964,-0.17565934,-0.1025367,-0.2028083,0.05832546,-0.516735,-0.13837719,0.1818418,-0.63273203,-0.36569554,-0.5081369,2.0,-1.5117936,2.3258135,2.0,-1.5117936,2
1.2172697,-0.023837658,-0.9333093,3.362653,0.22691703,0.71107876,-0.69018745,1.8048518,0.025160225,-0.5204025,-0.8943626,-0.20190476,0.016325973,-0.5785101,0.21163146,-0.3048146,3.0,-1.5117936,1.7921441,3.0,-1.5117936,3
0.51516503,-0.15188643,-0.6438249,-0.7586105,-0.9352184,-0.70732456,-0.11410063,0.008730915,-0.6898275,-0.40349752,-0.3316386,-0.66576576,-0.83620924,-0.21310762,-0.53550524,-0.47083756,4.0,-1.5117936,0.4375913,4.0,-1.5117936,4
-0.8686788,-1.272638,-0.57487905,0.2973903,-1.3534234,-1.6786692,-0.55377835,-0.5323489,-2.2165103,4.635735,-0.36305562,-1.1435361,-2.296072,-0.61606383,0.080096975,-0.3246418,5.0,-1.5117936,-1.4033419,5.0,-1.5117936,5
-0.2668382,-0.13128662,-0.6749891,-0.40297902,-0.21130992,-0.31326863,-0.44667557,-0.039399434,-0.6119895,0.7273891,-0.5411048,-0.5715289,-0.7698388,-0.5263096,-0.16373703,-0.30771744,6.0,-1.5117936,0.57632667,6.0,-1.5117936,6
-0.3439418,-0.5441377,-0.49489877,-0.983943,-0.014432941,-0.06548562,-0.06971034,0.11502115,-0.07151907,0.15059344,-0.07448413,0.20760538,0.13960919,-0.12350828,-0.7456648,-0.37839857,7.0,-1.5117936,1.7923222,7.0,-1.5117936,7
0.1648494,1.6090064,-0.13413729,0.23121083,1.9846232,0.81287307,0.7323625,-0.14360838,1.6344583,-0.6196751,1.272111,0.54589134,1.4623032,-0.50591695,1.0528498,-0.18491696,8.0,-1.5117936,5.557264,8.0,-1.5117936,8
0.50154436,-0.99564236,-0.5753766,-0.95587933,0.7600371,0.72623575,-0.34264565,-0.99812824,-1.9692508,1.2674707,-0.4246816,-1.6551838,-2.0968485,0.9463546,-0.7991114,-0.60169804,9.0,-1.5117936,-1.8410654,9.0,-1.5117936,9
-0.5353759,-0.13010786,-0.90165406,-0.81930214,-1.3838964,-1.3820475,-0.7655072,0.10112787,0.08890964,-0.6916538,-0.71386415,0.37338758,0.1720937,1.9291488,-0.84968436,0.17373508,10.0,-1.5117936,2.0051003,10.0,-1.5117936,10
1.0344703,0.9611844,-0.55330306,0.122691736,-0.82928765,-0.41244763,-0.37898237,-0.18516964,0.13460182,-1.0034809,-0.39809698,0.12390956,-0.21877702,-0.43578807,-0.5424812,0.2848267,11.0,-1.5117936,3.1647086,11.0,-1.5117936,11
0.2791571,-0.3529465,-0.36826643,-0.22739471,0.8949319,0.9816346,-0.18603535,0.1873928,0.08963862,-0.4783747,0.42049184,-1.179458,0.15867291,-0.5187877,-0.9741902,-0.20777097,12.0,-1.5117936,0.85210156,12.0,-1.5117936,12
-3.9309254,-0.6116056,-0.5624695,-0.29729387,-0.0461038,-0.6718708,-0.3053769,-0.07380851,-1.2649784,0.08247938,-0.0041514495,-0.7236901,-1.4319165,-0.6508747,1.8569808,0.018936727,13.0,-1.5117936,-0.13017529,13.0,-1.5117936,13
0.5383214,0.19019136,-0.49254927,0.51325476,-1.654628,-1.2463307,-0.60389477,-0.15395005,-0.7506138,0.8271448,-0.49919012,-0.36865598,-1.0293673,-0.5289182,0.09761972,-0.14809145,14.0,-1.5117936,0.8565571,14.0,-1.5117936,14
0.27204207,-0.6002898,0.08073412,0.35476902,-0.90316296,-0.8042853,0.8320678,0.17039934,0.7693849,-0.34866813,1.3836062,-0.04868633,1.286129,-0.65940225,-0.9174413,-0.4400279,15.0,-1.5117936,1.7554221,15.0,-1.5117936,15
1.0378542,3.049726,-0.32519025,-1.0171247,1.801949,2.283017,-1.0026493,0.19212836,2.1944418,-0.31436956,0.33099893,0.6817783,0.7619408,-0.6798105,3.1500697,4.1207376,16.0,-1.5117936,2.850343,16.0,-1.5117936,16
-0.2796774,2.0354211,0.21646732,0.4708642,1.368738,0.928672,1.1023333,1.5524737,2.5492237,0.67908126,1.625218,2.319957,2.3875616,-0.5509656,-0.39989907,-0.4059489,17.0,-1.5117936,8.485817,17.0,-1.5117936,17
0.10265291,-1.2532822,-0.59195024,-0.13079496,-0.11667324,-0.02809237,-0.17278434,-0.26510018,-0.49285644,0.11436255,-0.34467393,0.36684245,-0.21523473,-0.30410254,-0.28152502,0.25419623,18.0,-1.5117936,1.8418754,18.0,-1.5117936,18
0.9912815,-0.07303244,-0.43083593,0.82787055,0.7868855,1.2637137,-0.27021146,-1.037404,-0.0013933546,-0.1989138,-0.010352299,-0.77968234,0.02718275,0.48005438,-0.70941776,-0.48355252,0.0,-1.0140079,2.6074011,0.0,-1.0140079,19
-0.57268965,-0.34941122,0.32101116,-1.5642858,0.24126208,0.23873307,1.5433862,-0.9175756,-0.10054514,-0.035391755,1.2448341,-1.2283481,0.008463093,2.5469277,-0.24627486,-0.20498133,1.0,-1.0140079,0.5039557,1.0,-1.0140079,20
0.9855755,-0.43529877,-0.5633735,0.90479827,0.06573388,0.47730008,-0.119222514,-0.021041775,-0.04311778,0.029340753,-0.20030308,0.015555717,0.15950543,-0.637408,-0.38738373,-0.48597926,2.0,-1.0140079,2.8734667,2.0,-1.0140079,21
1.2726766,0.071982354,-0.9339051,-2.6486535,0.32010388,0.8246575,-0.8496155,-1.7585832,-0.43471158,-0.5013209,-0.82766086,0.05529542,-0.5535251,-0.5776664,0.35719073,-0.29083103,3.0,-1.0140079,2.3498812,3.0,-1.0140079,22
0.63533956,-0.058189943,-0.6002786,0.4279619,-0.74775237,-0.47445977,-0.13703218,0.24270883,-0.41852608,-0.46388233,-0.5270278,0.20687328,-0.5267289,-0.14496036,-0.43986422,-0.42814806,4.0,-1.0140079,2.2095435,4.0,-1.0140079,23
-0.8630335,-0.82307523,-0.5822401,0.34369513,-1.3138564,-1.6322216,-0.728724,0.78090256,-0.47166502,4.2367125,-0.87272733,0.3672215,-0.23978455,-0.6216215,0.062042292,-0.37424457,5.0,-1.0140079,1.3957753,5.0,-1.0140079,24
-0.32792607,-0.18697065,-0.6507636,-0.048768017,-0.2722824,-0.39137694,-0.5033081,0.4249678,-0.5353939,0.8143432,-0.657423,-0.4105704,-0.6305191,-0.5243783,-0.15046208,-0.24043009,6.0,-1.0140079,0.9561831,6.0,-1.0140079,25
-0.29707313,0.23669523,-0.42305163,-0.75844747,0.0679262,0.042431094,-0.29473737,0.46173492,0.25907764,-0.19118455,-0.34915483,0.9351319,0.22006863,-0.107936814,-0.64424217,-0.2582449,7.0,-1.0140079,3.1957824,7.0,-1.0140079,26
0.10190683,-0.23360075,0.20555551,-0.73664635,1.8954422,0.726649,0.8667066,-0.09533958,1.1986612,-0.68899685,1.2663637,0.438069,1.3750634,-0.49973756,1.1093283,-0.14138769,8.0,-1.0140079,5.0066686,8.0,-1.0140079,27
0.29761788,-0.82496506,-0.56363595,-0.2544629,0.43912593,0.33524054,-0.40862873,0.15415932,-0.99429935,1.3964527,-0.744578,-0.84319574,-0.9203029,1.098609,-0.76896644,-0.5650617,9.0,-1.0140079,-0.0045475424,9.0,-1.0140079,28
-0.5323044,-0.30022362,-0.7762639,1.8508745,-1.3689173,-1.3633221,-0.19098699,1.0290082,-1.183621,-0.8001049,0.078303434,0.010084162,-1.4060754,2.5655305,-0.78043026,0.013714876,10.0,-1.0140079,0.29620552,10.0,-1.0140079,29
1.1775174,0.79167217,-0.4909316,-0.4171099,-0.6042168,-0.13275327,-0.41041493,-0.25570607,0.18095842,-0.9225653,-0.40678045,0.17998104,-0.10280758,-0.43561813,-0.5162572,0.3492336,11.0,-1.0140079,3.2024539,11.0,-1.0140079,30
0.2000638,0.14629912,-0.16420986,1.2970189,0.7945559,0.85920906,0.5641111,0.624021,-0.04450885,-0.5030117,0.4898421,0.044016533,-0.10926098,-0.53189206,-0.72671264,-0.10343065,12.0,-1.0140079,2.5037634,12.0,-1.0140079,31
-3.3522794,-0.4338932,-0.51480407,0.34997505,-0.106624626,-0.5667296,-0.59445757,0.11940003,-0.77981687,0.12426566,-0.5044014,-0.8791983,-0.8303913,-0.65154564,1.8794212,0.012107011,13.0,-1.0140079,1.4233954,13.0,-1.0140079,32
0.527501,0.6861754,-0.48988324,0.6527994,-1.6762027,-1.2697604,-0.53469443,1.2616525,0.5881057,0.5044484,-0.8057591,1.8287461,0.45051396,-0.528065,0.10762956,-0.10218724,14.0,-1.0140079,3.8369584,14.0,-1.0140079,33
0.22727011,-1.4367932,0.51311713,-0.9132363,-0.8707647,-0.7966973,1.4429799,-1.851578,-0.57294357,-0.42064682,1.7331593,-0.8273233,-0.06894931,-0.65198064,-0.8405429,-0.38919097,15.0,-1.0140079,0.7362672,15.0,-1.0140079,34
0.9410217,3.351624,-0.21067299,-1.6535631,1.6711386,2.1216757,-1.298349,0.7497454,3.3569598,-0.24746318,-0.09257981,1.0590844,2.3283267,-0.6756498,3.4122016,4.857327,16.0,-1.0140079,4.0276513,16.0,-1.0140079,35
-0.22590515,0.41567668,0.71785897,1.1423088,1.4256713,1.0332743,1.4146708,-0.43616953,0.4646966,0.7244906,2.0701184,0.5266968,0.40582508,-0.5514197,-0.39325356,-0.42817315,17.0,-1.0140079,4.9397154,17.0,-1.0140079,36
0.1106972,-0.8917394,-0.5132059,0.14838336,-0.058184154,0.03741326,-0.13929811,0.47407636,0.018063108,-0.17717527,-0.29324248,0.71522456,0.27280778,-0.2744484,0.06658162,0.33138353,18.0,-1.0140079,2.287776,18.0,-1.0140079,37
0.9493976,0.10981234,-0.35518813,1.0831294,0.717024,1.1790445,-0.84111243,-0.20785126,0.1847542,-0.2044692,-0.33044803,-1.1260451,0.18375386,0.46378255,-0.7308744,-0.50044334,0.0,-0.51622224,2.2018101,0.0,-0.51622224,38
-0.58500594,-1.0920521,0.841771,1.0614438,0.2168251,0.21957976,1.4644059,-3.1491137,-2.2769644,0.39527267,2.1274114,-3.0963657,-2.437783,2.3719444,-0.27601704,-0.19069573,1.0,-0.51622224,-3.5457635,1.0,-0.51622224,39
0.7645357,-0.1678785,-0.5084316,-0.009201414,-0.26992908,0.058403462,-0.91001254,-0.34995174,-0.026829513,0.010500694,-0.45564434,-1.41777,0.04394186,-0.6402502,-0.41532597,-0.5130939,2.0,-0.51622224,0.649971,2.0,-0.51622224,40
1.2043558,-0.39155793,-0.98551995,0.18639717,0.21362852,0.69241005,-1.0218961,0.43486795,0.008239777,-0.5073594,-1.1971489,-0.010465553,0.10659979,-0.58629423,0.1875809,-0.32162046,3.0,-0.51622224,1.6446277,3.0,-0.51622224,41
1.010006,0.3401126,-0.5753507,0.62988967,-0.16335668,0.25145826,-0.14386252,0.5932923,0.033896897,-0.55011183,-0.6552443,-0.082490854,-0.12861957,-0.101311065,-0.43402347,-0.4140293,4.0,-0.51622224,1.4919316,4.0,-0.51622224,42
-0.70115465,0.03394883,-0.6065769,0.27793252,-1.0218469,-1.2741963,-0.512212,0.4583427,0.26928717,3.660883,-0.98685426,0.5187513,0.32547992,-0.6229375,0.00042409747,-0.40706488,5.0,-0.51622224,3.8385189,5.0,-0.51622224,43
-0.4433882,-0.28557575,-0.6489647,0.3811199,-0.4171101,-0.5736179,-0.34528118,0.61207867,-0.3661689,0.8339079,-0.8110878,-0.21990074,-0.3342879,-0.53911066,-0.21936989,-0.20184298,6.0,-0.51622224,1.1129123,6.0,-0.51622224,44
-0.25936112,-0.19556575,-0.40456465,0.10803904,0.13623604,0.13284796,-0.47964618,0.43563536,0.1575671,-0.38658977,-0.7030776,0.9562745,0.27268663,-0.09527216,-0.6716404,-0.2192741,7.0,-0.51622224,2.2202582,7.0,-0.51622224,45
0.047660805,1.1358992,0.565174,-1.736604,1.8054756,0.647961,0.45483992,-1.6622083,1.2881703,-0.57668114,1.2559708,0.54573,1.1763811,-0.51001495,1.033557,-0.19620748,8.0,-0.51622224,4.8763223,8.0,-0.51622224,46
-0.55636424,-0.8007757,-0.561742,0.26472184,-0.8833388,-1.3045822,-0.40338588,0.71797967,-0.4047536,1.2063613,-0.8106708,-0.07861329,-0.17562933,1.581323,-0.6751833,-0.5885611,9.0,-0.51622224,0.77830434,9.0,-0.51622224,47
-0.50715595,0.017920088,-0.739126,-0.06791856,-1.3358423,-1.3203498,-0.07133338,-0.40983588,-0.82942295,-0.8493789,-0.56346804,0.021489901,-1.096165,2.3024294,-0.8096817,-0.23467515,10.0,-0.51622224,1.5606267,10.0,-0.51622224,48
1.0965782,0.64115626,-0.45593205,-0.99969447,-0.7372435,-0.29588374,0.23111896,-0.096659176,0.21344356,-0.8104911,-0.59253407,0.61189705,-0.005823883,-0.43318063,-0.5038575,0.4466949,11.0,-0.51622224,2.8091033,11.0,-0.51622224,49
0.12961397,-0.04546008,-0.020509984,1.1271372,0.69251883,0.7387829,0.24233334,0.43436828,0.19696636,-0.6257136,0.06569442,0.43783745,0.20820102,-0.5174677,-0.6169252,0.09831458,12.0,-0.51622224,2.7023234,12.0,-0.51622224,50
-3.3115206,-0.64347035,-0.48520434,1.2411728,-0.031016093,-0.43185374,-0.44818816,2.2280352,-0.4124946,-0.0068901298,-0.6271997,5.1531973,-0.110544145,-0.6602163,1.5806086,-0.055966757,13.0,-0.51622224,1.9591697,13.0,-0.51622224,51
0.5314042,0.1704302,-0.53320634,0.9893512,-1.6639259,-1.2564896,-0.29494438,0.5521172,0.6187066,0.14479649,-1.1089902,0.9123898,0.70209336,-0.5425976,0.03720505,-0.2103138,14.0,-0.51622224,4.3832984,14.0,-0.51622224,52
0.16358927,-1.8092316,1.4388381,0.07669034,-0.8807461,-0.837268,1.3753171,-5.1802034,-4.675555,-0.32137418,4.2529297,-2.4581637,-5.235572,-0.6158481,-0.8131587,-0.39725935,15.0,-0.51622224,-1.9727192,15.0,-0.51622224,53
0.8457806,-1.1930008,-0.14753051,-0.85785246,1.5433902,1.9641263,-5.334008,-0.70791346,0.8423765,-0.31436956,-0.4292304,0.35204145,2.7444856,-0.68040967,3.1154187,4.278436,16.0,-0.51622224,4.690145,16.0,-0.51622224,54
-0.23477969,0.6735088,1.1906834,-0.05929147,1.3776845,1.0090572,1.5428815,-0.3681892,1.3574178,0.8218309,1.6833069,1.36646,1.3842452,-0.5487879,-0.38201573,-0.3958265,17.0,-0.51622224,6.084487,17.0,-0.51622224,55
0.08662052,-0.04384925,-0.5073542,-0.97295624,-0.048752017,0.042032138,-0.3840506,0.47966072,0.44417274,-0.3916621,-0.784582,0.42881715,0.51642424,-0.21811144,-0.17686321,0.6926892,18.0,-0.51622224,2.7063696,18.0,-0.51622224,56
1.0478508,0.9668765,-0.2901783,0.9282056,0.8766431,1.3775347,-0.85036105,-0.55321634,0.48435205,-0.2875587,-0.40605617,-1.1166805,0.17439775,0.4019898,-0.71112853,-0.47661227,0.0,-0.018436508,2.7791426,0.0,-0.018436508,57
-0.6099808,-0.5481672,1.3912727,-0.8028476,0.16114981,0.16339849,1.6157111,-2.4287107,-2.3083668,1.1300349,2.0323987,-2.7473195,-2.7095325,2.3169568,-0.27537367,0.2809415,1.0,-0.018436508,-3.2759168,1.0,-0.018436508,58
1.086377,-0.031041536,-0.43788496,-0.5956123,0.23264612,0.6827244,-0.46388367,-0.48244706,-0.049357265,0.032963842,-0.35646176,-1.3107922,-0.053374764,-0.63990337,-0.41029432,-0.5251823,2.0,-0.018436508,1.038551,2.0,-0.018436508,59
1.168824,-0.5193421,-1.0049062,0.79794544,0.1515556,0.617516,-0.8299553,0.49745828,-0.33773485,-0.4790993,-0.9653697,0.09020886,-0.264487,-0.5863427,0.19674481,-0.28973293,3.0,-0.018436508,2.0686896,3.0,-0.018436508,60
0.90987104,0.71583694,-0.5513992,-0.29991582,-0.2159025,0.15686762,-0.29192933,0.34844965,0.35019624,-0.6713645,-0.6626553,0.3152761,0.0974548,-0.13828155,-0.4159301,-0.3453284,4.0,-0.018436508,2.2299998,4.0,-0.018436508,61
-0.5853608,-0.2809886,-0.61638165,0.6081354,-0.80876935,-1.012151,-0.5750563,0.0038143825,0.06978902,3.0756333,-0.8895508,0.03586122,0.2113569,-0.6297369,-0.027694277,-0.2762089,5.0,-0.018436508,3.037774,5.0,-0.018436508,62
-0.5378336,-0.15315337,-0.64017,-0.5171723,-0.53627974,-0.72193176,-0.5186194,0.056140766,-0.21219352,0.76217073,-0.7634371,0.09443647,-0.19911906,-0.5339182,-0.17005137,-0.18722066,6.0,-0.018436508,1.0954643,6.0,-0.018436508,63
-0.3021232,-0.38502115,-0.35372543,-0.20464833,0.08845512,0.07705989,-0.11257848,0.25231683,0.39828086,-0.50518554,-0.49381965,0.57101023,0.653912,-0.16278934,-0.6393344,-0.27179536,7.0,-0.018436508,1.9210634,7.0,-0.018436508,64
-0.009655397,-0.6643738,0.77711797,-1.5927138,1.7119988,0.5639985,0.020904591,-0.9425178,1.0293269,-0.628129,0.32880312,0.4426862,1.2676017,-0.5032818,1.083995,-0.19006488,8.0,-0.018436508,5.033069,8.0,-0.018436508,65
-0.6171624,-0.3980234,-0.56633407,-0.4891161,-0.9869493,-1.423472,-0.34637883,0.24305347,-0.4707525,1.1561211,-0.854069,0.35048753,-0.43855542,1.5488639,-0.6807829,-0.57306707,9.0,-0.018436508,1.2934628,9.0,-0.018436508,66
-0.4581431,-0.08497881,-0.74511606,-0.56649226,-1.2657611,-1.2314143,-0.54750913,-0.7122728,-0.93565285,-0.9104883,-0.86493176,-0.19396865,-1.1904639,2.425811,-0.79671955,-0.08736365,10.0,-0.018436508,0.75382674,10.0,-0.018436508,67
0.9818468,0.8439744,-0.4074438,-0.33049816,-0.9055893,-0.5068485,-0.10659861,0.47663432,0.41858038,-0.785371,-0.50582266,0.84681004,0.16591534,-0.45524135,-0.43610716,0.6273686,11.0,-0.018436508,2.9468818,11.0,-0.018436508,68
0.084831774,0.0035337626,0.13258289,-0.11296593,0.6467753,0.6841568,1.0453162,-0.017849179,-0.09455206,-0.73633856,0.09872079,-0.30898413,-0.13335255,-0.602205,-0.8048605,-0.20345895,12.0,-0.018436508,1.7724932,12.0,-0.018436508,69
-3.2517507,-0.17231746,-0.469495,-0.55084896,0.050910912,-0.28797418,-0.5377334,-0.8624129,-0.427328,-0.21630463,-0.7198674,-1.81633,-0.49574986,-0.6513994,1.8521394,0.034201194,13.0,-0.018436508,2.1917138,13.0,-0.018436508,70
0.4979302,0.032563675,-0.56586534,1.7453163,-1.5795776,-1.218229,-0.64116687,0.95275325,0.54150856,-0.17886604,-1.0405768,-1.8798026,0.66243863,-0.53723043,0.059926555,-0.19739807,14.0,-0.018436508,2.9535089,14.0,-0.018436508,71
0.09849774,-0.13951278,1.9237027,-0.081182934,-0.8854542,-0.873356,0.13501039,-1.1797242,-1.6939106,-0.32427266,1.4779587,-0.17499357,-2.1387708,-0.64673764,-0.8195535,-0.3241336,15.0,-0.018436508,0.19369008,15.0,-0.018436508,72
0.90148133,-6.4092636,-0.03791262,1.4302213,1.661008,2.1094255,-1.4588177,-3.9042006,-3.6346016,-0.31436956,-0.1472985,-3.0157325,0.15043972,-0.6816455,3.0527492,4.321713,16.0,-0.018436508,2.3630745,16.0,-0.018436508,73
-0.22401327,2.5236473,1.7066982,-1.6181849,1.3662366,1.02735,1.623277,0.06871611,1.240293,0.9655467,1.7173834,0.00690165,0.70092916,-0.5219684,-0.27498174,-0.34844282,17.0,-0.018436508,3.323084,17.0,-0.018436508,74
0.054397695,-0.03912362,-0.44504848,-0.9246212,-0.059698086,0.023365641,-0.3835737,-0.21948655,0.096502244,-0.49093473,-0.41109103,0.14098689,0.10398331,-0.22457296,0.22717927,0.8549524,18.0,-0.018436508,1.6674721,18.0,-0.018436508,75
1.0850332,1.0005567,-0.18970855,0.6438015,0.99458176,1.5148293,0.3622121,0.4902912,0.43907693,-0.31630185,-0.18657471,-0.42440066,0.09291239,1.0201555,-0.57767993,-0.5063977,0.0,0.4793492,2.3187094,0.0,0.4793492,76
-0.6270502,-0.8392244,1.6269122,0.46339625,0.12757552,0.13267958,0.3678855,0.7653984,-0.36667383,1.4227805,0.3028467,-0.9081145,-0.1146155,2.783089,-0.19257483,-0.16415176,1.0,0.4793492,1.3228691,1.0,0.4793492,77
1.1017834,0.08035293,-0.35791036,-0.60638136,0.33447826,0.7913667,0.058092725,0.40295884,0.5282537,-0.11485816,-0.30152264,0.22580417,0.65435565,-0.6192217,-0.28195438,-0.48968416,2.0,0.4793492,3.033835,2.0,0.4793492,78
1.0329579,-0.30315256,-0.9811999,-1.1909767,-0.053554468,0.36055535,-0.7693063,-0.56470746,-0.4664094,-0.5083255,-0.6489174,0.262972,-0.4807445,-0.5566799,0.37453794,-0.28540125,3.0,0.4793492,1.3627995,3.0,0.4793492,79
0.5001813,-0.068901405,-0.47751468,0.4603294,-0.7584399,-0.54425395,-0.24238287,0.48613456,-0.29955822,-0.76218325,-0.33007938,0.086668685,-0.36284184,0.06112662,-0.26650843,-0.40589347,4.0,0.4793492,2.680231,4.0,0.4793492,80
-0.48002186,-0.27942115,-0.52190965,0.65195775,-0.61116105,-0.76928985,-0.29996446,0.77854556,0.18801115,2.4932823,-0.18414712,0.8930218,0.35982844,-0.62420064,-0.013215624,-0.36238658,5.0,0.4793492,2.9757607,5.0,0.4793492,81
-0.5342706,-0.16954558,-0.59055966,0.29973477,-0.5017679,-0.6793409,-0.51889586,0.34785843,-0.31602082,0.60589486,-0.486021,0.49564254,-0.33444783,-0.5097921,-0.100436054,-0.14120315,6.0,0.4793492,2.29142,6.0,0.4793492,82
-0.37206492,-0.40197584,-0.22347623,1.0445399,-0.019736735,-0.049903948,-0.14305669,0.10028681,-0.26153967,-0.6211243,0.012467496,0.2561683,-0.17717992,0.238898,-0.70800143,-0.44203815,7.0,0.4793492,2.6550696,7.0,0.4793492,83
-0.060459033,0.08358002,1.0141459,1.7117469,1.6089302,0.47908235,0.5428015,1.0183462,1.1531833,-0.7532463,0.42127854,0.76563513,1.2393427,-0.47291136,1.3461903,-0.17786877,8.0,0.4793492,5.069786,8.0,0.4793492,84
-0.6053724,-0.63505024,-0.5064828,0.62854344,-0.96498185,-1.3910874,-0.4612471,0.6482734,-0.44836783,1.040907,-0.42254457,0.20139673,-0.30749872,1.8863878,-0.6175855,-0.5460625,9.0,0.4793492,1.6678591,9.0,0.4793492,85
-0.5101326,-0.5895666,-0.7223541,0.9986924,-1.3030272,-1.2811273,-0.6866702,0.12691757,-0.6148697,-0.9853655,-0.66512156,-0.10736243,-0.5259574,3.0640187,-0.7326101,-0.033464953,10.0,0.4793492,1.6753317,10.0,0.4793492,86
0.82517534,0.67986864,-0.30947655,-0.296678,-1.0358061,-0.6942759,-0.039947174,1.1660769,0.43072563,-0.7846464,-0.18798478,1.4625734,0.24799316,-0.34577996,-0.4407501,0.282401,11.0,0.4793492,3.1596358,11.0,0.4793492,87
0.031965848,-0.5014029,0.46961355,-0.07221145,0.57299644,0.5987376,1.1832705,0.5653736,-0.2764613,-0.84116656,1.1508588,-0.5214326,-0.22462021,-0.23282191,-0.88403624,-0.4013937,12.0,0.4793492,1.8717285,12.0,0.4793492,88
-3.218565,-0.31214336,-0.40074596,0.9613406,0.09579156,-0.19250955,-0.31080487,0.6667158,-0.19560973,-0.4981809,-0.37191856,0.39111054,-0.04134677,-0.63684464,2.2723942,0.06576884,13.0,0.4793492,2.9109025,13.0,0.4793492,89
0.48723167,0.28231737,-0.4645559,1.7582916,-1.4492183,-1.1285211,-0.1696434,1.3566507,1.5028354,-0.48634547,-0.14497995,-0.10081223,1.7750618,-0.5130716,0.1799291,-0.18561016,14.0,0.4793492,5.1400175,14.0,0.4793492,90
-0.0014824932,0.21676446,2.195155,0.49621296,-0.94374037,-0.9758565,0.8404227,2.7497022,0.5911332,-0.40808678,0.38027835,0.47797564,0.6646405,-0.5768919,-0.7873201,-0.4929903,15.0,0.4793492,1.82579,15.0,0.4793492,91
1.1235081,0.4699285,-0.083243325,-2.0361605,2.0294943,2.5682774,1.4264783,-0.42815724,0.93288666,-0.24432318,-1.0972488,-0.21705297,1.0734029,-0.6810952,3.065268,3.680275,16.0,0.4793492,-0.06969801,16.0,0.4793492,92
-0.2559719,1.0387374,2.5038226,2.8109593,1.2737116,0.948632,2.4261992,1.4989883,1.6831356,0.9703775,2.8183506,1.1696054,1.6634763,-0.45448455,-0.049895518,-0.34982157,17.0,0.4793492,7.5019975,17.0,0.4793492,93
-0.054950323,-0.6424912,-0.33852166,0.21475497,-0.17230402,-0.12548457,-0.13093123,0.3896548,0.020777293,-0.6150859,-0.12727703,0.4042522,0.18647707,-0.08577524,0.020620983,0.27127644,18.0,0.4793492,2.2419212,18.0,0.4793492,94
0.9307318,0.5512921,-0.0892388,0.21267831,0.80404824,1.270879,-0.13678707,0.80975443,0.38670784,-0.3868313,-0.19874597,0.51326525,0.23642,1.0019115,-0.6340916,-0.504172,0.0,0.97713494,2.906363,0.0,0.97713494,95
-0.61402893,-0.35805836,1.8861257,0.19556972,0.11776043,0.13511334,0.59934956,0.9574654,-0.065786034,1.3111894,0.3742398,0.5884454,0.059579916,2.6095746,-0.34572256,-0.16894373,1.0,0.97713494,1.7836667,1.0,0.97713494,96
1.2295395,0.4203567,-0.2424999,0.04566058,0.62928456,1.1357623,-0.20089044,0.16268608,0.30101418,-0.25712475,-0.08214409,0.037333593,0.1880855,-0.6200465,-0.3005158,-0.5003467,2.0,0.97713494,2.7429633,2.0,0.97713494,97
0.82427603,-0.35410914,-0.93939394,-0.01733051,-0.28475997,0.042706043,-0.45056397,-0.35168266,-0.6659094,-0.5286148,-0.5173743,-0.26532134,-0.7011489,-0.55998594,0.12436128,-0.350945,3.0,0.97713494,2.8604457,3.0,0.97713494,98
0.38735586,-0.35253212,-0.39145127,-0.37707907,-0.83019686,-0.66264224,-0.10055857,0.255345,-0.37608477,-0.84962046,-0.2573148,0.22711882,-0.32414788,0.05628852,-0.37875572,-0.49938846,4.0,0.97713494,0.9812326,4.0,0.97713494,99
-0.32659358,0.12620713,-0.43943122,-0.5322657,-0.34587416,-0.44032407,-0.31507146,0.24190074,-0.13610423,2.0176916,-0.2760023,0.799022,-0.23736107,-0.6331017,-0.09176393,-0.42878816,5.0,0.97713494,2.2844694,5.0,0.97713494,100
-0.49623004,-0.3539553,-0.50069356,0.34389502,-0.4126287,-0.5688865,-0.38639215,0.08429833,-0.55478495,0.5112115,-0.21854399,0.21821472,-0.5575082,-0.53331953,-0.2713265,-0.27652866,6.0,0.97713494,1.865066,6.0,0.97713494,101
-0.44273105,-0.4122051,-0.10373099,-0.107095115,-0.119732216,-0.16869248,-0.12461295,0.08783569,-0.21432114,-0.70179844,-0.07410074,-0.50875103,-0.116828814,0.21459883,-0.77023345,-0.48617935,7.0,0.97713494,1.4037921,7.0,0.97713494,102
-0.104801156,0.9735651,1.2207652,0.9658522,1.5275648,0.4140104,0.409254,1.7800083,1.377304,-0.6073566,0.22179736,0.86590487,1.3090948,-0.5049339,0.84960115,-0.2779957,8.0,0.97713494,5.1742916,8.0,0.97713494,103
0.68942314,1.5938926,2.0713797,2.6615324,1.7643626,0.61023223,0.42781186,1.1596577,2.2723527,0.18126892,0.46376872,1.735742,2.1863697,-0.7368718,-0.33603692,-0.56322575,19.0,0.97713494,6.453851,19.0,0.97713494,104
-0.66087574,-0.5934585,-0.4502958,-0.4025798,-1.0102944,-1.4561099,-0.36502153,0.1515144,-0.6463002,0.89574194,-0.45164254,0.17403264,-0.57927436,1.1063257,-0.7707807,-0.5440309,9.0,0.97713494,0.92581093,9.0,0.97713494,105
-0.5846605,-0.284157,-0.6756323,0.10371287,-1.3574579,-1.3539186,-0.6658051,0.22180064,-0.7823378,-1.0711119,-0.5001339,-0.3018809,-0.89508635,2.0686135,-0.8369304,0.15762675,10.0,0.97713494,0.643391,10.0,0.97713494,106
0.8841685,1.1412883,-0.233669,0.17142373,-0.8132656,-0.44754398,-0.5297711,-0.17150824,0.7330913,-0.7433432,-0.3410772,-0.8397547,0.43009996,-0.34689593,-0.5263127,0.32681045,11.0,0.97713494,2.9074037,11.0,0.97713494,107
-0.08863076,0.3897608,0.75944257,0.9699126,0.40201142,0.3904974,0.7995114,0.55704105,-0.20223774,-0.87594825,0.7776452,-0.29540187,-0.3414429,-0.25555652,-0.90418905,-0.42729104,12.0,0.97713494,1.9720821,12.0,0.97713494,108
-3.1448119,-0.04896793,-0.3147993,0.282371,0.04200201,-0.20426777,0.020388441,0.3921098,-0.053733625,-0.7416524,-0.26668376,0.27219838,-0.026397161,-0.6357134,1.8534861,0.07580966,13.0,0.97713494,2.3609152,13.0,0.97713494,109
0.42204303,0.5493717,-0.37424383,1.0423542,-1.4095403,-1.1490297,-0.31955108,0.9164193,1.0415033,-0.73802936,-0.2309169,2.0102432,1.0773686,-0.53133017,-0.06147911,-0.2732847,14.0,0.97713494,5.9452085,14.0,0.97713494,110
-0.14611416,-0.1954424,2.4150915,0.6654059,-1.0775492,-1.1698401,2.1490436,0.0052110585,0.62106586,-0.49649012,0.11721286,-0.29857373,0.89747167,-0.563285,-0.8253293,-0.50213987,15.0,0.97713494,2.8072455,15.0,0.97713494,111
1.1749213,2.4570587,0.048582032,1.1679146,2.142102,2.7073545,3.6196508,-0.0027095643,1.314639,-0.21074922,-0.020084066,0.05226973,0.14319491,-0.6815906,3.0346186,3.7665627,16.0,0.97713494,2.7622437,16.0,0.97713494,112
-0.20534371,1.3143623,3.8022325,1.7722521,1.3225925,1.0405753,3.9830484,-1.6478512,-0.23478487,0.9793145,4.513716,-0.38905966,-0.7020925,-0.4777715,-0.18104157,-0.3647766,17.0,0.97713494,3.01318,17.0,0.97713494,113
-0.1629849,-0.15840973,-0.21376604,-0.17970161,-0.30817133,-0.29726353,0.01108873,0.2637929,0.17900434,-0.7259524,-0.025168145,0.5487715,0.23269597,-0.09423036,-0.091181494,0.08684026,18.0,0.97713494,2.9453847,18.0,0.97713494,114
0.8862067,1.0403826,-0.0029530164,0.14931494,0.7858042,1.240948,0.30942142,-0.44987592,0.18362707,-0.42088833,-0.29698575,-0.6575867,-0.2741998,1.1338152,-0.5408565,-0.46197248,0.0,1.4749206,2.1811092,0.0,1.4749206,115
-0.63672465,-0.7783203,2.1598341,-1.8746883,0.07307247,0.09037622,0.52353907,-0.24271458,-0.12477858,1.216023,0.39650175,0.3567902,0.15832596,2.7624123,-0.19774911,-0.00908768,1.0,1.4749206,1.2207779,1.0,1.4749206,116
1.2033609,-0.26140106,-0.14106873,-0.3573317,0.67601913,1.1740633,-0.23046498,-0.5124602,-0.31202018,-0.29263103,-0.18637158,-0.26755568,-0.28715825,-0.6203687,-0.28939286,-0.5085753,2.0,1.4749206,1.9084319,2.0,1.4749206,117
0.75353354,-0.3447449,-0.9230399,-1.2852601,-0.28691077,0.0049884007,-0.69498837,-0.44008902,-0.45346105,-0.60566586,-0.70476395,-0.24417318,-0.45357406,-0.56065035,0.34460154,-0.29078248,3.0,1.4749206,1.1419823,3.0,1.4749206,118
0.2763639,0.25529832,-0.31837898,-0.36088294,-0.9060396,-0.7839562,-0.06598138,0.13658194,-0.11678245,-0.9095222,-0.35093918,-0.08518981,-0.2872624,0.05743921,-0.26961783,-0.49437037,4.0,1.4749206,1.0754716,4.0,1.4749206,119
-0.11847,0.0030684636,-0.40440896,-0.37999937,0.022028435,0.012108027,-0.258256,-0.2510543,-0.39272162,1.7396799,-0.5947603,0.44817695,-0.5127649,-0.6289887,-0.055300932,-0.38947055,5.0,1.4749206,1.9839662,5.0,1.4749206,120
-0.53006953,-0.2851304,-0.4458864,-0.5663517,-0.4347078,-0.59657663,-0.30576962,-0.053284444,-0.27094716,0.36556333,-0.46119508,0.3602069,-0.20415938,-0.5252532,-0.16455385,-0.30361256,6.0,1.4749206,1.8429718,6.0,1.4749206,121
-0.49220672,0.7037722,-0.010875916,-0.4479777,-0.17693204,-0.23629548,-0.07008512,0.01668788,-0.17942658,-0.7643571,-0.25537512,-0.0021472073,-0.51075846,0.13221793,-0.7511953,-0.3702553,7.0,1.4749206,1.641611,7.0,1.4749206,122
-0.1357815,0.46093822,1.4228089,-1.2222977,1.4576101,0.36788753,-0.21570756,-1.8265824,1.2966954,-0.7998634,0.16697744,0.43870023,1.3197911,-0.47864679,1.295172,-0.18779384,8.0,1.4749206,5.0192876,8.0,1.4749206,123
0.6186511,0.6856788,2.3517427,-2.1324515,1.7078947,0.50960416,0.011499369,-0.6492873,1.3231667,-0.09456886,0.39536765,-0.19642082,1.3234309,-0.73470134,-0.15501606,-0.5335343,19.0,1.4749206,3.8714368,19.0,1.4749206,124
-1.4844344,-0.81447864,-0.41975942,-0.5804989,-2.259037,-3.0135834,-0.40162614,-0.6232636,-0.9769508,0.73680913,-0.62360555,-0.17965627,-0.9058134,1.5033957,-0.691767,-0.5176591,9.0,1.4749206,0.48319831,9.0,1.4749206,125
-0.6138405,0.0090362355,-0.6532697,-1.5294847,-1.3738292,-1.3758904,-0.48701882,-0.30717003,-0.96539235,-1.0991305,-0.6701616,-0.31147015,-1.2789856,2.8601422,-0.75367856,0.3890628,10.0,1.4749206,-0.4021692,10.0,1.4749206,126
0.7447897,1.494925,-0.21370555,-0.99839896,-0.90082747,-0.5860624,-0.9020378,-0.8496983,0.4922447,-0.76218325,-0.69819117,-0.82636607,-0.04966568,-0.35132143,-0.44900438,0.41169897,11.0,1.4749206,2.2439778,11.0,1.4749206,127
-0.17837767,-1.1518275,0.9850719,-0.7085954,0.27968857,0.24266371,0.54136634,-0.69459903,-0.6280676,-0.8271573,0.3647996,-1.2683768,-0.47453102,-0.34258738,-0.92658347,-0.48665008,12.0,1.4749206,-0.27814877,12.0,1.4749206,128
-3.0042944,0.30297697,-0.17965764,-0.45331284,0.09370561,-0.08921081,0.18808289,0.11313543,-0.26111156,-0.8505866,0.03728398,0.7685517,-0.6025857,-0.63261217,2.3997517,0.10089501,13.0,1.4749206,1.9555885,13.0,1.4749206,129
0.34740594,1.5220745,-0.26127043,0.59751016,-1.3847631,-1.1882138,0.18802738,0.1054923,0.9221385,-0.87546515,-0.0954592,0.7825578,0.53083074,-0.5157205,0.16549397,-0.19418605,14.0,1.4749206,4.449988,14.0,1.4749206,130
-0.2218171,0.16446623,2.7665133,-0.8437179,-1.1028488,-1.2288771,0.2529483,0.09388481,0.58628625,-0.5810288,0.63746345,-0.23101252,0.6874721,-0.54893285,-0.7233063,-0.47740775,15.0,1.4749206,2.1980758,15.0,1.4749206,131
1.0812746,-1.5986146,-0.06643891,-2.6369522,2.010008,2.546327,-1.1625973,1.3016143,0.391009,-0.30567414,-1.5073984,0.51084787,1.9162039,-0.6807707,3.0845819,3.5265234,16.0,1.4749206,0.83228034,16.0,1.4749206,132
-0.1343521,0.67213404,5.2058277,0.5791162,1.3952712,1.1636475,3.2385163,-1.4305981,-0.07347739,1.6493442,4.13608,-2.8130229,-0.32302892,-0.42408955,0.060732372,-0.31030282,17.0,1.4749206,0.8185259,17.0,1.4749206,133
-0.25648934,0.6852929,-0.118946075,-0.912948,-0.39354706,-0.41218454,-0.16068377,-0.26804158,0.09680166,-0.78078175,-0.2311592,0.13661562,-0.09943384,-0.101166785,-0.0050925487,0.13075994,18.0,1.4749206,2.294439,18.0,1.4749206,134
